,Country,Month
1,USA,06
3,AUSTRALIA,06
5,AUSTRALIA,06
6,BRAZIL,06
7,USA,05
8,USA,05
9,USA,05
11,USA,05
12,USA,05
15,SOUTH AFRICA,05
17,THAILAND,04
18,COSTA RICA,04
19,AUSTRALIA,04
21,AUSTRALIA,04
22,AUSTRALIA,04
23,MALDIVES,04
24,SOUTH AFRICA,04
25,USA,04
26,THAILAND,04
27,BRAZIL,04
28,AUSTRALIA,04
29,AUSTRALIA,04
30,BAHAMAS,04
32,NEW CALEDONIA,04
33,BAHAMAS,04
34,SOUTH AFRICA,04
35,USA,03
36,AUSTRALIA,03
37,AUSTRALIA,03
38,AUSTRALIA,03
39,SOUTH AFRICA,02
40,AUSTRALIA,02
42,AUSTRALIA,02
45,ECUADOR,02
47,AUSTRALIA,01
48,NEW CALEDONIA,01
49,AUSTRALIA,01
50,AUSTRALIA,01
51,BRAZIL,01
52,AUSTRALIA,01
53,USA,12
54,USA,12
56,BAHAMAS,12
57,COSTA RICA,11
58,COSTA RICA,11
60,USA,11
61,USA,11
62,other,11
63,AUSTRALIA,11
64,CUBA,11
65,AUSTRALIA,10
66,AUSTRALIA,10
67,USA,10
68,MAURITIUS,10
69,USA,10
70,USA,10
71,AUSTRALIA,10
72,NEW ZEALAND,10
73,USA,10
74,USA,10
75,USA,10
77,USA,09
78,AUSTRALIA,09
80,USA,09
81,USA,09
82,SPAIN,09
83,USA,09
87,USA,09
88,AUSTRALIA,09
89,AUSTRALIA,09
90,SOLOMON ISLANDS,09
91,SOUTH AFRICA,09
92,JAPAN,09
93,USA,09
94,USA,09
95,USA,09
96,AUSTRALIA,08
97,USA,08
99,NEW ZEALAND,08
100,USA,08
101,BAHAMAS,08
102,USA,08
103,EGYPT,08
106,USA,07
108,USA,07
109,BAHAMAS,07
110,BAHAMAS,07
111,"ST HELENA, British overseas territory",07
112,USA,07
113,SPAIN,07
114,USA,07
117,USA,07
118,USA,07
119,AUSTRALIA,07
121,USA,07
123,SOUTH AFRICA,07
126,USA,06
127,USA,06
128,USA,06
129,REUNION,06
130,SPAIN,06
131,FRENCH POLYNESIA,06
132,BAHAMAS,06
133,AUSTRALIA,06
134,AUSTRALIA,06
135,USA,06
136,UNITED KINGDOM,06
137,USA,06
138,BAHAMAS,06
140,USA,05
142,UNITED ARAB EMIRATES,05
144,MEXICO,06
146,USA,04
147,SOUTH AFRICA,04
148,USA,04
149,REUNION,04
150,NEW ZEALAND,04
152,"ST HELENA, British overseas territory",04
154,USA,04
155,AUSTRALIA,04
156,USA,04
157,USA,04
158,USA,04
160,USA,04
161,USA,04
162,USA,04
163,USA,04
164,USA,04
165,AUSTRALIA,04
166,USA,04
167,USA,03
168,AUSTRALIA,03
170,PHILIPPINES,03
171,BAHAMAS,03
172,AUSTRALIA,02
173,AUSTRALIA,02
174,REUNION,02
175,AUSTRALIA,02
176,USA,02
180,BAHAMAS,02
181,BRAZIL,01
182,USA,01
183,AUSTRALIA,01
184,AUSTRALIA,01
185,USA,01
186,INDONESIA,01
188,USA,01
190,USA,12
191,AUSTRALIA,12
192,SOUTH AFRICA,12
193,AUSTRALIA,12
194,FRENCH POLYNESIA,12
197,AUSTRALIA,12
199,USA,11
200,USA,10
201,USA,10
202,AUSTRALIA,10
203,USA,10
204,AUSTRALIA,10
205,USA,10
207,AUSTRALIA,10
208,USA,10
209,USA,10
210,USA,10
211,AUSTRALIA,09
212,USA,09
213,USA,09
214,USA,09
215,USA,09
216,AUSTRALIA,09
217,AUSTRALIA,09
219,USA,09
220,USA,09
221,NEW CALEDONIA,09
222,USA,09
223,AUSTRALIA,09
224,USA,09
225,USA,09
227,USA,08
228,USA,08
229,REUNION,08
230,USA,08
231,BAHAMAS,08
232,USA,08
233,USA,08
234,SPAIN,07
235,CHINA,07
238,AUSTRALIA,07
239,JAPAN,07
240,AUSTRALIA,07
241,BAHAMAS,07
244,USA,07
245,USA,07
246,USA,07
247,USA,07
248,BAHAMAS,07
249,SPAIN,07
253,USA,07
255,USA,06
256,USA,06
257,COLUMBIA,06
258,SOUTH AFRICA,06
259,USA,06
260,USA,06
261,USA,06
263,USA,06
264,USA,06
266,USA,06
267,AUSTRALIA,06
268,EGYPT,06
269,AUSTRALIA,06
270,NEW CALEDONIA,06
271,AUSTRALIA,05
272,USA,05
273,USA,05
274,USA,05
275,USA,05
276,USA,05
277,USA,05
279,USA,05
281,INDONESIA,04
282,USA,04
283,SOUTH AFRICA,04
284,AUSTRALIA,04
287,USA,04
288,NEW CALEDONIA,04
290,USA,04
292,USA,03
293,AUSTRALIA,03
294,USA,03
295,AUSTRALIA,03
298,USA,03
299,Fiji,03
300,USA,03
301,AUSTRALIA,03
302,BRAZIL,03
303,NEW CALEDONIA,02
304,NEW CALEDONIA,02
305,DOMINICAN REPUBLIC,02
308,AUSTRALIA,02
309,AUSTRALIA,02
310,BRAZIL,02
312,USA,01
313,USA,01
314,USA,01
316,USA,01
317,AUSTRALIA,01
318,AUSTRALIA,01
319,AUSTRALIA,01
321,SPAIN,12
322,USA,12
323,AUSTRALIA,12
324,BRAZIL,12
325,ARUBA,12
327,BAHAMAS,12
328,SOUTH AFRICA,12
329,ECUADOR,11
330,USA,11
331,USA,11
332,USA,11
333,AUSTRALIA,11
335,USA,11
336,USA,11
337,MOZAMBIQUE,11
338,AUSTRALIA,10
339,USA,10
340,SOUTH AFRICA,10
341,USA,10
342,USA,10
343,MOZAMBIQUE,10
345,USA,10
347,USA,10
348,USA,10
349,MOZAMBIQUE,10
350,AUSTRALIA,10
351,USA,10
352,USA,10
353,USA,10
354,USA,09
355,AUSTRALIA,09
357,USA,09
358,USA,09
359,USA,09
360,USA,09
362,USA,09
363,USA,09
364,AUSTRALIA,09
365,USA,09
367,AUSTRALIA,09
368,USA,09
369,THAILAND,09
370,FIJI,09
371,USA,08
372,USA,08
374,AUSTRALIA,08
375,USA,08
376,USA,08
380,AUSTRALIA,07
381,COSTA RICA,07
383,USA,07
385,AUSTRALIA,07
387,AUSTRALIA,07
388,REUNION,07
389,SOUTH AFRICA,07
390,USA,07
393,BAHAMAS,07
394,USA,07
395,AUSTRALIA,07
396,AUSTRALIA,07
397,USA,07
398,AUSTRALIA,06
399,USA,06
400,USA,06
401,SOUTH AFRICA,06
403,SOUTH AFRICA,06
404,USA,06
406,USA,06
407,USA,06
409,USA,06
410,PUERTO RICO,06
411,USA,06
412,USA,06
413,USA,06
414,USA,06
415,USA,06
416,USA,06
417,USA,06
418,REUNION,06
419,USA,05
420,USA,05
421,FRENCH POLYNESIA,05
422,USA,05
423,USA,05
424,USA,05
425,NEW CALEDONIA,05
426,USA,05
427,AUSTRALIA,05
428,SOUTH AFRICA,05
429,USA,04
430,USA,04
431,AUSTRALIA,04
432,AUSTRALIA,04
433,USA,04
434,REUNION,04
435,AUSTRALIA,04
436,USA,04
440,EGYPT,03
441,USA,03
442,FRENCH POLYNESIA,03
445,FRENCH POLYNESIA,03
447,REUNION,02
448,AUSTRALIA,02
449,AUSTRALIA,02
450,AUSTRALIA,02
453,AUSTRALIA,01
454,SOUTH AFRICA,01
458,AUSTRALIA,01
460,BAHAMAS,01
461,SOUTH AFRICA,01
462,USA,01
463,AUSTRALIA,12
464,AUSTRALIA,12
467,USA,12
469,JAPAN,12
470,AUSTRALIA,12
472,AUSTRALIA,11
476,USA,11
477,USA,11
478,AUSTRALIA,11
479,USA,11
480,USA,10
482,USA,10
483,USA,10
485,USA,10
486,AUSTRALIA,10
487,USA,10
488,USA,10
490,USA,10
491,USA,10
492,USA,10
495,USA,10
496,AUSTRALIA,10
497,USA,09
498,FRENCH POLYNESIA,09
500,AUSTRALIA,09
501,USA,09
504,SPAIN,09
505,USA,08
506,USA,08
509,SPAIN,08
510,USA,08
511,USA,08
513,USA,08
514,AUSTRALIA,08
515,USA,08
516,USA,08
517,BAHAMAS,08
518,USA,08
519,USA,08
520,USA,08
521,USA,08
522,USA,08
523,USA,08
524,SOUTH AFRICA,08
526,USA,07
527,REUNION,07
528,USA,07
529,SPAIN,07
530,USA,07
531,USA,07
533,USA,07
534,USA,07
536,USA,07
537,USA,07
539,BAHAMAS,06
540,AUSTRALIA,06
541,AUSTRALIA,06
543,BRAZIL,06
544,USA,06
545,AUSTRALIA,06
546,JAPAN,06
547,USA,06
548,USA,06
549,AUSTRALIA,06
550,USA,06
551,AUSTRALIA,05
552,FRANCE,05
554,USA,05
555,AUSTRALIA,05
556,USA,05
557,USA,05
559,USA,05
560,SOUTH AFRICA,05
561,USA,05
562,AUSTRALIA,04
563,USA,04
564,USA,04
567,USA,04
568,USA,04
569,AUSTRALIA,04
571,SOUTH AFRICA,03
572,USA,03
573,USA,03
574,NEW CALEDONIA,03
575,AUSTRALIA,03
577,AUSTRALIA,03
579,USA,03
580,FRENCH POLYNESIA,02
582,AUSTRALIA,02
584,NEW ZEALAND,02
586,NEW ZEALAND,01
588,USA,00
590,NEW CALEDONIA,12
591,SOUTH AFRICA,12
592,KIRIBATI,12
593,USA,12
594,USA,12
595,AUSTRALIA,12
596,USA,12
597,AUSTRALIA,11
598,USA,11
599,AUSTRALIA,11
600,USA,11
601,AUSTRALIA,11
603,USA,11
604,USA,11
605,USA,10
606,AUSTRALIA,10
607,REUNION,10
608,AUSTRALIA,10
609,AUSTRALIA,10
610,USA,10
611,USA,10
612,USA,10
613,SOUTH AFRICA,10
614,AUSTRALIA,10
615,USA,10
616,USA,10
617,USA,09
618,ISRAEL,09
619,USA,09
620,USA,09
621,USA,09
622,USA,09
623,USA,09
624,USA,09
626,USA,09
627,USA,09
629,BAHAMAS,09
630,USA,09
631,BAHAMAS,08
632,USA,08
635,USA,08
636,AUSTRALIA,08
637,USA,08
638,USA,08
639,USA,08
640,USA,08
641,USA,08
642,SOUTH AFRICA,08
643,USA,08
644,USA,07
645,USA,07
646,BAHAMAS,07
647,MEXICO,07
648,USA,07
649,BAHAMAS,07
650,BAHAMAS,07
651,BRAZIL,07
652,USA,07
653,USA,07
654,REUNION,07
655,DIEGO GARCIA,07
656,USA,07
658,AUSTRALIA,07
659,TAIWAN,06
662,USA,06
663,USA,06
664,USA,06
665,USA,06
666,SOUTH AFRICA,06
667,USA,06
668,USA,06
670,AUSTRALIA,06
671,USA,05
672,USA,05
673,BRAZIL,05
675,ECUADOR,05
677,REUNION,05
678,USA,05
680,MEXICO,04
681,AUSTRALIA,04
682,USA,04
683,SOUTH AFRICA,04
684,USA,04
685,GUAM,04
686,FRENCH POLYNESIA,04
687,USA,04
689,USA,04
691,SEYCHELLES,03
692,BELIZE,03
693,BAHAMAS,03
695,SOUTH AFRICA,03
696,JAMAICA,03
697,AUSTRALIA,03
698,PHILIPPINES,03
699,SOUTH AFRICA,03
700,NEW ZEALAND,02
701,USA,02
702,USA,02
703,USA,02
704,FRENCH POLYNESIA,02
705,JAMAICA,02
707,AUSTRALIA,01
709,USA,01
710,NEW ZEALAND,01
711,AUSTRALIA,01
712,USA,12
713,AUSTRALIA,12
714,AUSTRALIA,12
715,SOUTH AFRICA,12
716,AUSTRALIA,12
717,USA,12
718,AUSTRALIA,12
719,NEW ZEALAND,12
720,USA,11
722,MEXICO,11
723,USA,11
724,USA,11
725,USA,11
726,USA,10
727,USA,10
728,USA,10
729,USA,10
730,USA,10
731,USA,10
733,NIGERIA,10
734,USA,10
735,AUSTRALIA,10
736,USA,09
737,USA,09
738,USA,09
739,TONGA,09
740,USA,09
741,USA,09
742,USA,09
743,USA,09
744,USA,09
745,USA,09
746,USA,09
748,USA,09
750,AUSTRALIA,08
751,BRAZIL,08
752,USA,08
754,USA,08
755,REUNION,08
756,FRENCH POLYNESIA,08
757,USA,07
758,AUSTRALIA,07
759,USA,07
760,USA,07
762,REUNION,07
765,AUSTRALIA,07
766,USA,07
767,BAHAMAS,07
770,SOUTH AFRICA,07
772,USA,06
773,USA,06
774,USA,06
775,AUSTRALIA,06
776,USA,06
777,AUSTRALIA,06
779,USA,06
781,USA,06
782,USA,06
783,USA,06
784,USA,06
785,AUSTRALIA,06
787,AUSTRALIA,06
788,USA,06
789,USA,06
790,USA,05
791,MEXICO,05
792,USA,05
794,FIJI,05
796,USA,05
797,USA,05
798,USA,04
799,SOUTH AFRICA,04
801,USA,04
802,USA,04
803,AUSTRALIA,03
804,USA,03
806,AUSTRALIA,03
807,USA,03
808,USA,03
809,USA,03
810,NEW ZEALAND,03
812,REUNION,03
813,USA,03
817,AUSTRALIA,02
819,AUSTRALIA,02
820,USA,01
821,AUSTRALIA,01
822,BAHAMAS,01
824,AUSTRALIA,01
825,SOUTH AFRICA,01
826,USA,01
827,AUSTRALIA,01
828,AUSTRALIA,01
829,USA,12
831,ECUADOR,12
832,USA,12
835,AUSTRALIA,12
837,AUSTRALIA,12
838,USA,12
840,AUSTRALIA,12
841,INDONESIA,11
842,AUSTRALIA,11
844,PAPUA NEW GUINEA,11
845,BRAZIL,11
846,REUNION,11
847,USA,10
848,SCOTLAND,10
850,AUSTRALIA,10
851,USA,10
852,AUSTRALIA,10
853,USA,10
854,USA,10
855,AUSTRALIA,10
857,USA,10
858,USA,10
861,SOUTH AFRICA,09
862,USA,09
863,USA,09
865,REUNION,09
866,KENYA,09
867,USA,09
868,USA,09
869,PAPUA NEW GUINEA,09
870,USA,09
871,AUSTRALIA,09
872,USA,09
873,USA,08
875,USA,08
876,RUSSIA,08
877,USA,08
878,USA,08
879,SOUTH AFRICA,08
880,RUSSIA,08
881,USA,08
883,RUSSIA,08
884,FRENCH POLYNESIA,08
885,USA,08
886,SEYCHELLES,08
888,USA,08
889,SEYCHELLES,08
892,USA,07
893,SOUTH AFRICA,07
894,USA,07
896,USA,07
897,BAHAMAS,07
898,USA,07
899,USA,07
900,REUNION,07
901,COLUMBIA,07
902,TURKS & CAICOS,06
903,BRAZIL,06
904,SOUTH AFRICA,06
905,USA,06
906,USA,06
907,USA,06
908,TURKS & CAICOS,06
909,COSTA RICA,06
910,REUNION,06
912,USA,06
913,COLUMBIA,06
914,USA,06
915,USA,06
916,MALAYSIA,06
917,USA,05
918,SOUTH AFRICA,05
919,USA,05
920,USA,05
921,SOUTH AFRICA,05
922,USA,05
923,NEW CALEDONIA,05
924,USA,05
927,SOUTH AFRICA,05
928,USA,04
929,AUSTRALIA,04
930,USA,04
931,NEW ZEALAND,04
932,INDONESIA,04
933,FIJI,04
935,MEXICO,03
936,AUSTRALIA,03
937,MEXICO,03
938,FIJI,03
939,AUSTRALIA,03
941,AUSTRALIA,03
943,NEW CALEDONIA,02
944,REUNION,02
945,AUSTRALIA,02
947,AUSTRALIA,02
949,SOUTH AFRICA,02
950,MEXICO,01
952,BAHAMAS,01
954,SOUTH AFRICA,01
955,MEXICO,01
957,USA,12
958,FIJI,12
959,USA,12
960,EGYPT,12
961,INDONESIA,12
962,EGYPT,12
963,EGYPT,12
964,EGYPT,11
965,EGYPT,11
966,SAMOA,11
969,DOMINICAN REPUBLIC,11
970,INDONESIA,11
972,AUSTRALIA,10
973,AUSTRALIA,10
974,USA,10
976,USA,10
977,AUSTRALIA,10
978,USA,10
979,EGYPT,10
980,AUSTRALIA,10
981,BAHAMAS,10
982,BAHAMAS,10
983,SOUTH AFRICA,10
984,USA,09
985,USA,09
986,SOUTH AFRICA,09
987,AUSTRALIA,09
988,USA,09
989,TONGA,09
990,USA,09
991,USA,09
992,USA,09
993,SOLOMON ISLANDS,09
995,USA,08
996,AUSTRALIA,08
999,SOUTH KOREA,08
1000,AUSTRALIA,08
1001,USA,08
1002,MALTA,08
1005,USA,08
1006,USA,07
1007,USA,07
1008,USA,07
1009,USA,07
1010,USA,07
1012,USA,07
1014,SOUTH AFRICA,07
1016,USA,07
1017,USA,07
1018,USA,06
1019,USA,06
1020,USA,06
1021,VIETNAM,06
1022,USA,06
1023,AUSTRALIA,06
1024,USA,06
1026,VIETNAM,05
1027,VIETNAM,05
1028,AUSTRALIA,05
1029,MADAGASCAR,05
1030,USA,05
1032,USA,04
1033,SOUTH AFRICA,04
1034,EGYPT,04
1035,REUNION,03
1036,NEW ZEALAND,02
1037,SOUTH AFRICA,02
1038,FIJI,02
1039,AUSTRALIA,02
1040,AUSTRALIA,02
1042,AUSTRALIA,02
1045,USA,02
1047,BRAZIL,01
1048,AUSTRALIA,01
1049,UNITED ARAB EMIRATES (UAE),01
1050,AUSTRALIA,01
1051,SOUTH AFRICA,01
1052,AUSTRALIA,01
1053,VIETNAM,01
1054,VIETNAM,01
1055,VIETNAM,01
1056,USA,01
1057,SOUTH AFRICA,01
1058,SOUTH AFRICA,12
1060,MOZAMBIQUE,12
1062,AUSTRALIA,12
1063,SOUTH AFRICA,12
1065,NEW ZEALAND,12
1066,AUSTRALIA,12
1070,USA,11
1071,USA,11
1072,USA,11
1073,USA,11
1074,USA,11
1075,AUSTRALIA,11
1076,USA,11
1078,MOZAMBIQUE,10
1079,AUSTRALIA,10
1080,USA,10
1081,USA,10
1082,PANAMA,10
1084,AUSTRALIA,10
1085,USA,10
1087,USA,09
1088,VIETNAM,09
1092,BRAZIL,09
1095,USA,08
1096,SOUTH AFRICA,08
1097,USA,08
1098,SOUTH AFRICA,08
1099,USA,08
1100,USA,08
1101,USA,08
1102,BAHAMAS,07
1103,AUSTRALIA,07
1104,VIETNAM,07
1105,KENYA,07
1106,USA,07
1108,USA,07
1109,USA,07
1110,VIETNAM,07
1112,USA,07
1113,SOUTH AFRICA,07
1114,USA,07
1116,AUSTRALIA,06
1120,EGYPT,06
1121,EGYPT,06
1122,EGYPT,06
1125,USA,05
1126,USA,05
1127,USA,05
1130,USA,04
1131,USA,04
1132,USA,04
1133,PHILIPPINES,04
1134,USA,04
1135,USA,04
1137,AUSTRALIA,04
1139,USA,04
1140,USA,04
1142,SOUTH AFRICA,03
1143,AUSTRALIA,03
1144,AUSTRALIA,03
1145,AUSTRALIA,03
1146,USA,03
1147,MALAYSIA,03
1148,USA,03
1150,NEW CALEDONIA,03
1153,AUSTRALIA,03
1154,AUSTRALIA,02
1155,AUSTRALIA,02
1156,AUSTRALIA,02
1157,AUSTRALIA,02
1159,AUSTRALIA,02
1160,AUSTRALIA,02
1163,CUBA,01
1165,AUSTRALIA,01
1166,SOUTH AFRICA,01
1169,NEW ZEALAND,01
1170,SOUTH AFRICA,01
1171,AUSTRALIA,01
1172,AUSTRALIA,01
1173,AUSTRALIA,01
1175,ECUADOR,01
1176,NEW ZEALAND,01
1177,CUBA,01
1180,AUSTRALIA,12
1182,AUSTRALIA,12
1184,NEW ZEALAND,12
1187,MOZAMBIQUE,12
1188,EGYPT,11
1190,ECUADOR,11
1193,PHILIPPINES,11
1195,NEW CALEDONIA,10
1197,AUSTRALIA,10
1198,USA,10
1199,CROATIA,10
1200,USA,09
1201,USA,09
1203,USA,09
1204,USA,09
1205,USA,09
1206,AUSTRALIA,09
1207,USA,09
1208,USA,09
1209,USA,09
1210,USA,09
1211,AUSTRALIA,08
1214,USA,08
1215,USA,08
1216,USA,08
1218,USA,08
1220,USA,08
1221,USA,08
1222,USA,08
1223,AUSTRALIA,07
1224,SOUTH AFRICA,07
1225,PANAMA,07
1226,MEXICO,07
1227,USA,07
1228,USA,07
1229,USA,07
1230,USA,07
1231,USA,07
1233,USA,07
1234,EGYPT,07
1236,USA,07
1237,USA,07
1238,USA,07
1241,BAHAMAS,06
1242,SOUTH AFRICA,06
1243,SOUTH AFRICA,06
1244,USA,06
1245,USA,06
1246,BRAZIL,06
1248,USA,06
1249,BRAZIL,06
1250,USA,06
1252,USA,06
1253,BRAZIL,06
1254,USA,05
1256,MEXICO,05
1257,MEXICO,05
1258,FIJI,05
1259,AUSTRALIA,05
1260,NEW CALEDONIA,05
1261,USA,05
1263,MEXICO,04
1264,USA,04
1265,USA,04
1266,NEW CALEDONIA,04
1268,USA,04
1269,USA,04
1270,AUSTRALIA,04
1274,USA,04
1275,FIJI,04
1276,USA,03
1277,USA,04
1278,AUSTRALIA,04
1279,USA,04
1280,SOUTH AFRICA,03
1281,USA,03
1282,USA,03
1283,USA,03
1284,USA,03
1285,USA,03
1286,USA,03
1287,BAHAMAS,02
1288,FRENCH POLYNESIA,02
1289,USA,02
1290,AUSTRALIA,02
1291,USA,02
1293,SOUTH AFRICA,01
1297,USA,01
1299,MEXICO,00
1300,ECUADOR,12
1302,AUSTRALIA,12
1303,AUSTRALIA,12
1305,USA,12
1306,NEW ZEALAND,12
1307,BRAZIL,12
1309,AUSTRALIA,11
1310,SOUTH AFRICA,11
1311,USA,11
1312,USA,11
1313,SOUTH AFRICA,11
1315,USA,10
1316,AUSTRALIA,10
1317,AUSTRALIA,10
1318,USA,10
1319,USA,10
1320,USA,09
1322,NEW CALEDONIA,09
1323,BAHAMAS,09
1324,USA,09
1325,EGYPT,09
1327,USA,09
1328,USA,09
1329,SOLOMON ISLANDS,09
1330,USA,09
1331,USA,09
1332,USA,09
1333,USA,09
1334,USA,09
1335,USA,09
1336,USA,09
1337,USA,09
1338,USA,08
1339,USA,08
1340,USA,08
1341,USA,08
1344,USA,08
1345,USA,08
1346,USA,08
1347,USA,08
1348,USA,08
1349,USA,08
1350,USA,08
1351,USA,08
1352,USA,08
1353,USA,07
1354,USA,07
1355,USA,07
1357,USA,07
1358,AUSTRALIA,07
1359,USA,07
1362,USA,07
1363,BAHAMAS,07
1364,USA,07
1365,REUNION,07
1368,USA,06
1369,USA,06
1370,USA,06
1372,USA,06
1373,AUSTRALIA,06
1374,USA,05
1377,AUSTRALIA,05
1378,AUSTRALIA,05
1379,USA,05
1380,SEYCHELLES,05
1382,USA,05
1383,USA,05
1386,AUSTRALIA,04
1387,USA,04
1388,USA,04
1390,NEW CALEDONIA,04
1391,USA,04
1392,USA,03
1393,USA,03
1394,YEMEN,03
1395,USA,03
1396,AUSTRALIA,03
1398,AUSTRALIA,03
1399,USA,03
1402,AUSTRALIA,02
1403,NEW CALEDONIA,02
1404,NEW CALEDONIA,01
1406,AUSTRALIA,01
1408,SOUTH AFRICA,01
1409,AUSTRALIA,01
1411,USA,01
1412,AUSTRALIA,12
1413,NEW ZEALAND,12
1414,USA,12
1416,AUSTRALIA,12
1418,USA,11
1420,USA,10
1421,USA,10
1422,USA,10
1423,USA,10
1424,USA,10
1425,BAHAMAS,10
1426,GULF OF ADEN,10
1428,USA,09
1430,USA,09
1431,USA,09
1432,USA,09
1434,BRAZIL,09
1435,USA,09
1436,USA,09
1437,SOUTH AFRICA,09
1438,USA,08
1439,AUSTRALIA,08
1440,REUNION,08
1444,REUNION,08
1445,SOUTH AFRICA,08
1446,SOUTH AFRICA,08
1447,USA,08
1448,REUNION,08
1450,USA,07
1452,USA,07
1453,SOUTH AFRICA,07
1454,USA,07
1455,USA,07
1457,USA,07
1459,USA,07
1460,BRAZIL,07
1461,USA,07
1462,USA,07
1463,USA,07
1464,USA,07
1465,USA,06
1466,USA,06
1467,USA,06
1469,BAHAMAS,06
1470,USA,06
1471,BRAZIL,06
1472,USA,06
1473,USA,06
1474,USA,06
1475,AUSTRALIA,06
1476,USA,05
1478,USA,05
1480,BRAZIL,05
1481,USA,05
1482,USA,05
1483,USA,05
1486,USA,04
1487,USA,04
1489,AUSTRALIA,04
1490,SOUTH AFRICA,04
1491,BRAZIL,04
1492,USA,04
1493,Sierra Leone,03
1494,USA,03
1496,FIJI,03
1497,AUSTRALIA,03
1498,USA,02
1500,AUSTRALIA,02
1501,AUSTRALIA,02
1503,SOUTH AFRICA,02
1504,TONGA,02
1507,SOUTH AFRICA,01
1509,USA,01
1510,AUSTRALIA,01
1512,AUSTRALIA,01
1513,USA,01
1514,SOUTH AFRICA,01
1515,USA,12
1516,USA,12
1518,AUSTRALIA,12
1520,USA,11
1521,USA,11
1523,AUSTRALIA,11
1524,SOUTH AFRICA,11
1525,NEW CALEDONIA,11
1526,USA,11
1527,USA,11
1530,USA,11
1531,USA,11
1532,USA,11
1533,USA,10
1534,ST. MAARTIN,10
1535,SOUTH AFRICA,10
1536,USA,10
1537,USA,10
1539,USA,10
1540,GRAND CAYMAN,10
1541,USA,10
1542,BAHAMAS,10
1543,SOUTH AFRICA,10
1544,AUSTRALIA,09
1545,AUSTRALIA,09
1546,AUSTRALIA,09
1548,USA,09
1549,USA,09
1550,AUSTRALIA,09
1551,USA,09
1552,AUSTRALIA,09
1553,USA,09
1555,AUSTRALIA,08
1556,USA,08
1558,USA,08
1559,USA,08
1561,USA,08
1562,USA,08
1564,USA,07
1565,USA,07
1570,USA,07
1571,USA,07
1572,USA,07
1573,USA,06
1574,USA,06
1575,VANUATU,06
1576,MEXICO,06
1578,USA,06
1579,SOUTH KOREA,06
1580,USA,06
1582,SOUTH AFRICA,06
1583,USA,06
1584,USA,05
1585,USA,05
1586,SOUTH AFRICA,05
1587,AUSTRALIA,05
1589,MADAGASCAR,05
1591,USA,05
1593,AUSTRALIA,04
1594,AUSTRALIA,04
1595,AUSTRALIA,04
1596,USA,04
1598,USA,04
1599,USA,04
1601,SOUTH AFRICA,03
1602,AUSTRALIA,03
1603,VENEZUELA,03
1604,AUSTRALIA,03
1608,SOLOMON ISLANDS,03
1609,AUSTRALIA,02
1611,USA,02
1612,USA,02
1613,BRAZIL,02
1614,CUBA,01
1619,AUSTRALIA,12
1620,AUSTRALIA,12
1621,SOUTH AFRICA,11
1622,SOUTH AFRICA,11
1623,SOUTH AFRICA,11
1624,USA,11
1625,VANUATU,11
1626,NEW CALEDONIA,11
1627,CUBA,10
1629,SOUTH AFRICA,10
1630,AUSTRALIA,10
1631,USA,10
1632,USA,10
1633,SOUTH AFRICA,10
1634,REUNION,10
1635,USA,10
1636,USA,10
1638,USA,09
1640,BRAZIL,09
1641,USA,09
1642,USA,08
1643,BRAZIL,08
1644,USA,08
1645,USA,08
1646,USA,08
1647,AUSTRALIA,08
1649,USA,07
1650,RUSSIA,07
1651,USA,07
1652,USA,07
1653,USA,07
1654,USA,07
1656,JAPAN,07
1657,AUSTRALIA,07
1658,EGYPT,07
1659,USA,07
1660,USA,06
1662,USA,06
1663,AUSTRALIA,06
1664,USA,06
1665,SOUTH AFRICA,06
1666,USA,05
1667,BRAZIL,05
1668,USA,05
1669,USA,05
1671,USA,05
1672,BRAZIL,05
1674,USA,05
1675,BRAZIL,05
1676,AUSTRALIA,04
1678,TONGA,04
1680,USA,04
1681,SOUTH AFRICA,04
1683,USA,03
1684,USA,03
1685,BRAZIL,03
1686,USA,03
1687,REUNION,03
1688,USA,03
1689,USA,03
1690,NEW ZEALAND,03
1691,USA,03
1692,AUSTRALIA,03
1693,BRAZIL,02
1694,NEW ZEALAND,02
1695,AUSTRALIA,02
1697,EGYPT,02
1698,AUSTRALIA,02
1699,AUSTRALIA,01
1700,URUGUAY,01
1702,VENEZUELA,01
1703,VENEZUELA,01
1705,AUSTRALIA,01
1706,SOUTH AFRICA,01
1709,AUSTRALIA,00
1712,USA,12
1713,NEW ZEALAND,12
1714,AUSTRALIA,12
1715,AUSTRALIA,11
1716,AUSTRALIA,11
1717,SOUTH AFRICA,11
1718,USA,11
1719,INDIA,11
1720,USA,11
1721,EGYPT,11
1722,SOUTH AFRICA,11
1723,AUSTRALIA,11
1725,USA,10
1726,AUSTRALIA,10
1727,USA,10
1728,USA,10
1730,USA,10
1732,USA,10
1733,USA,10
1735,USA,10
1736,USA,10
1737,FIJI,09
1738,USA,09
1739,USA,09
1740,USA,09
1741,USA,09
1742,USA,09
1745,USA,09
1746,USA,09
1747,SOUTH AFRICA,09
1748,USA,09
1750,USA,08
1752,SOUTH AFRICA,08
1753,AUSTRALIA,07
1754,USA,07
1755,USA,07
1756,BAHAMAS,07
1758,USA,07
1759,BAHAMAS,07
1760,USA,07
1761,FRENCH POLYNESIA,07
1762,NEW ZEALAND,07
1763,USA,06
1764,USA,06
1765,BRAZIL,06
1766,USA,06
1767,USA,06
1768,USA,06
1769,USA,06
1770,USA,06
1772,USA,05
1773,USA,05
1774,USA,05
1776,USA,05
1777,PHILIPPINES,05
1779,BRAZIL,04
1780,BRAZIL,04
1781,BRAZIL,04
1782,USA,04
1783,USA,04
1784,USA,04
1785,USA,04
1786,USA,04
1787,USA,04
1788,USA,04
1789,USA,04
1790,VENEZUELA,04
1791,USA,04
1792,USA,04
1794,NEW ZEALAND,02
1795,AUSTRALIA,02
1796,USA,02
1797,AUSTRALIA,02
1798,AUSTRALIA,02
1800,COSTA RICA,01
1801,AUSTRALIA,01
1802,AUSTRALIA,12
1803,SOUTH AFRICA,12
1804,AUSTRALIA,12
1806,AUSTRALIA,12
1807,BRAZIL,12
1808,MICRONESIA,11
1809,USA,11
1810,USA,11
1811,TURKS & CAICOS,11
1812,USA,11
1813,USA,11
1814,FRENCH POLYNESIA,11
1815,USA,10
1816,BRAZIL,10
1817,USA,10
1818,USA,10
1819,USA,10
1820,USA,10
1821,USA,09
1822,USA,09
1823,USA,09
1826,USA,09
1827,USA,09
1828,BRAZIL,09
1829,USA,09
1830,SOUTH AFRICA,09
1831,USA,09
1833,USA,08
1834,USA,08
1835,USA,08
1836,USA,08
1837,USA,08
1839,USA,08
1840,USA,07
1841,USA,07
1844,BRAZIL,07
1845,USA,07
1846,AUSTRALIA,06
1847,USA,06
1849,PAPUA NEW GUINEA,06
1850,PAPUA NEW GUINEA,06
1851,USA,06
1852,USA,06
1853,USA,06
1854,USA,06
1855,SOUTH AFRICA,06
1856,USA,05
1857,USA,05
1859,USA,05
1860,COSTA RICA,05
1861,PAPUA NEW GUINEA,05
1862,USA,05
1863,BRAZIL,05
1865,AUSTRALIA,04
1867,USA,04
1868,USA,04
1869,AUSTRALIA,04
1870,BAHAMAS,04
1871,USA,04
1872,USA,04
1873,USA,03
1874,USA,03
1875,BRAZIL,03
1876,USA,03
1877,USA,03
1878,USA,03
1880,TURKS & CAICOS,02
1881,AUSTRALIA,02
1882,FIJI,02
1884,AUSTRALIA,01
1885,AUSTRALIA,01
1886,SOUTH AFRICA,01
1887,BRAZIL,01
1888,SOUTH AFRICA,01
1889,USA,01
1891,AUSTRALIA,11
1892,USA,11
1894,SOUTH AFRICA,10
1895,AUSTRALIA,10
1896,MEXICO,09
1899,USA,09
1901,USA,09
1902,USA,09
1905,USA,09
1907,USA,09
1908,USA,09
1909,USA,09
1910,USA,09
1911,BAHAMAS,08
1912,USA,08
1913,USA,08
1914,USA,08
1915,USA,08
1916,USA,08
1917,USA,08
1918,USA,08
1919,USA,08
1920,USA,08
1921,USA,08
1922,USA,08
1923,USA,08
1924,BAHAMAS,08
1925,THAILAND,08
1926,USA,08
1927,BAHAMAS,08
1929,USA,07
1930,USA,07
1931,USA,07
1933,USA,07
1934,USA,07
1935,MEXICO,07
1936,USA,07
1937,USA,07
1938,USA,07
1939,USA,06
1942,USA,06
1943,USA,05
1944,USA,05
1945,USA,05
1948,SOUTH AFRICA,05
1949,AUSTRALIA,05
1950,USA,05
1951,FIJI,05
1952,USA,04
1953,USA,04
1954,USA,04
1955,USA,04
1956,USA,04
1957,USA,04
1958,USA,04
1959,USA,04
1960,USA,04
1961,USA,04
1962,USA,04
1963,USA,04
1964,SOUTH AFRICA,04
1966,USA,04
1967,BRAZIL,04
1968,AUSTRALIA,04
1969,USA,03
1970,USA,03
1972,BRAZIL,03
1976,AUSTRALIA,02
1978,CUBA,01
1980,USA,01
1982,AUSTRALIA,12
1983,FIJI,12
1985,CANADA,12
1986,AUSTRALIA,12
1987,NEW ZEALAND,12
1988,AUSTRALIA,11
1990,USA,11
1992,AUSTRALIA,11
1993,AUSTRALIA,11
1994,USA,11
1996,USA,10
1997,USA,10
1998,USA,10
1999,USA,10
2000,USA,10
2001,USA,10
2002,USA,10
2003,USA,09
2004,AUSTRALIA,09
2005,AUSTRALIA,09
2007,OKINAWA,09
2008,USA,09
2009,USA,09
2010,USA,09
2011,USA,09
2012,USA,09
2013,SOUTH AFRICA,09
2014,TANZANIA,09
2015,USA,09
2016,REUNION,09
2017,TANZANIA,09
2018,USA,08
2019,USA,08
2021,USA,08
2022,USA,08
2023,USA,08
2024,USA,08
2027,TANZANIA,08
2028,USA,07
2029,USA,07
2030,USA,07
2031,USA,07
2032,SOUTH AFRICA,07
2033,SOUTH AFRICA,07
2034,SOUTH AFRICA,07
2035,TONGA,07
2036,USA,07
2037,USA,07
2038,USA,07
2039,USA,07
2040,USA,07
2041,USA,07
2042,USA,07
2043,USA,07
2044,TANZANIA,07
2045,PAPUA NEW GUINEA,06
2047,USA,06
2049,USA,06
2050,USA,06
2051,USA,06
2052,USA,06
2053,TANZANIA,06
2056,PAPUA NEW GUINEA,05
2057,PAPUA NEW GUINEA,05
2058,USA,04
2059,USA,04
2060,USA,03
2061,AUSTRALIA,03
2062,USA,03
2063,USA,03
2064,NEW CALEDONIA,03
2065,AUSTRALIA,03
2069,AUSTRALIA,03
2070,USA,03
2071,USA,02
2072,SOUTH AFRICA,02
2074,NEW ZEALAND,02
2075,AUSTRALIA,02
2077,THAILAND,01
